timeStamp,elapsed,label,responseCode,responseMessage,threadName,dataType,success,failureMessage,bytes,sentBytes,grpThreads,allThreads,URL,Latency,IdleTime,Connect
1766857198158,401,Main Application URI,200,OK,LoadTestUsers 1-6,text,true,,4943,115,14,14,https://demoblaze.com/,380,0,117
1766857197973,592,Main Application URI,200,OK,LoadTestUsers 1-1,text,true,,17517,115,14,14,https://demoblaze.com/,559,0,285
1766857197973,595,Main Application URI,200,OK,LoadTestUsers 1-2,text,true,,4993,115,14,14,https://demoblaze.com/,593,0,285
1766857198106,466,Main Application URI,200,OK,LoadTestUsers 1-5,text,true,,17517,115,14,14,https://demoblaze.com/,430,0,152
1766857198007,583,Main Application URI,200,OK,LoadTestUsers 1-3,text,true,,17517,115,14,14,https://demoblaze.com/,530,0,254
1766857198060,542,Main Application URI,200,OK,LoadTestUsers 1-4,text,true,,17517,115,14,14,https://demoblaze.com/,508,0,198
1766857198207,417,Main Application URI,200,OK,LoadTestUsers 1-7,text,true,,17517,115,15,15,https://demoblaze.com/,383,0,108
1766857198569,91,Main Application URI Sub sample,200,OK,LoadTestUsers 1-2,text,true,,17517,115,16,16,https://demoblaze.com/,72,0,0
1766857198259,454,Main Application URI,200,OK,LoadTestUsers 1-8,text,true,,17517,115,16,16,https://demoblaze.com/,420,0,113
1766857198306,427,Main Application URI,200,OK,LoadTestUsers 1-9,text,true,,17517,115,16,16,https://demoblaze.com/,393,0,113
1766857198556,177,Main Application URI,200,OK,LoadTestUsers 1-14,text,true,,4939,115,16,16,https://demoblaze.com/,174,0,107
1766857198506,245,Main Application URI,200,OK,LoadTestUsers 1-13,text,true,,17517,115,16,16,https://demoblaze.com/,207,0,138
1766857198356,445,Main Application URI,200,OK,LoadTestUsers 1-10,text,true,,17517,115,17,17,https://demoblaze.com/,411,0,110
1766857198406,415,Main Application URI,200,OK,LoadTestUsers 1-11,text,true,,5058,115,18,18,https://demoblaze.com/,411,0,111
1766857198752,82,Main Application URI Sub sample,200,OK,LoadTestUsers 1-13,text,true,,17517,115,18,18,https://demoblaze.com/,69,0,0
1766857198564,287,Main Application URI Sub sample,200,OK,LoadTestUsers 1-6,text,true,,4947,115,17,17,https://demoblaze.com/,283,0,0
1766857198565,289,Main Application URI Sub sample,200,OK,LoadTestUsers 1-1,text,true,,17517,115,16,16,https://demoblaze.com/,277,0,0
1766857198572,292,Main Application URI Sub sample,200,OK,LoadTestUsers 1-5,text,true,,17517,115,16,16,https://demoblaze.com/,279,0,0
1766857198590,282,Main Application URI Sub sample,200,OK,LoadTestUsers 1-3,text,true,,5146,115,15,15,https://demoblaze.com/,279,0,0
1766857198802,73,Main Application URI Sub sample,200,OK,LoadTestUsers 1-10,text,true,,4967,115,14,14,https://demoblaze.com/,70,0,0
1766857198458,422,Main Application URI,200,OK,LoadTestUsers 1-12,text,true,,4915,115,13,13,https://demoblaze.com/,414,0,113
1766857198602,299,Main Application URI Sub sample,200,OK,LoadTestUsers 1-4,text,true,,17517,115,13,13,https://demoblaze.com/,285,0,0
1766857198625,310,Main Application URI Sub sample,200,OK,LoadTestUsers 1-7,text,true,,17517,115,12,12,https://demoblaze.com/,309,0,0
1766857198756,227,Main Application URI,200,OK,LoadTestUsers 1-18,text,true,,17517,115,11,11,https://demoblaze.com/,193,0,119
1766857198714,300,Main Application URI Sub sample,200,OK,LoadTestUsers 1-8,text,true,,17517,115,11,11,https://demoblaze.com/,278,0,0
1766857198733,283,Main Application URI Sub sample,200,OK,LoadTestUsers 1-9,text,true,,4956,115,10,10,https://demoblaze.com/,281,0,0
1766857198808,209,Main Application URI,200,OK,LoadTestUsers 1-19,text,true,,5180,115,9,9,https://demoblaze.com/,206,0,132
1766857198606,415,Main Application URI,200,OK,LoadTestUsers 1-15,text,true,,17517,115,9,9,https://demoblaze.com/,381,0,109
1766857198659,368,Main Application URI,200,OK,LoadTestUsers 1-16,text,true,,5002,115,9,9,https://demoblaze.com/,365,0,106
1766857198734,300,Main Application URI Sub sample,200,OK,LoadTestUsers 1-14,text,true,,17517,115,9,9,https://demoblaze.com/,267,0,0
1766857198822,290,Main Application URI Sub sample,200,OK,LoadTestUsers 1-11,text,true,,17517,115,8,8,https://demoblaze.com/,274,0,0
1766857198707,417,Main Application URI,200,OK,LoadTestUsers 1-17,text,true,,17517,115,7,7,https://demoblaze.com/,384,0,106
1766857198881,281,Main Application URI Sub sample,200,OK,LoadTestUsers 1-12,text,true,,5082,115,7,7,https://demoblaze.com/,279,0,0
1766857198856,397,Main Application URI,200,OK,LoadTestUsers 1-20,text,true,,5086,115,6,6,https://demoblaze.com/,394,0,112
1766857198984,280,Main Application URI Sub sample,200,OK,LoadTestUsers 1-18,text,true,,5142,115,6,6,https://demoblaze.com/,278,0,0
1766857199021,295,Main Application URI Sub sample,200,OK,LoadTestUsers 1-15,text,true,,4899,115,5,5,https://demoblaze.com/,293,0,0
1766857199027,293,Main Application URI Sub sample,200,OK,LoadTestUsers 1-16,text,true,,17517,115,4,4,https://demoblaze.com/,279,0,0
1766857199018,326,Main Application URI Sub sample,200,OK,LoadTestUsers 1-19,text,true,,17517,115,3,3,https://demoblaze.com/,296,0,0
1766857199254,102,Main Application URI Sub sample,200,OK,LoadTestUsers 1-20,text,true,,17517,115,2,2,https://demoblaze.com/,72,0,0
1766857199125,293,Main Application URI Sub sample,200,OK,LoadTestUsers 1-17,text,true,,17517,115,1,1,https://demoblaze.com/,279,0,0
